order_id,customer_id,product_id,quantity,order_date,payment_method
O1001,C001,P001,1,2026-01-03,UPI
O1002,C002,P002,2,2026-01-04,CARD
O1003,C003,P003,1,2026-01-05,CASH
O1004,C005,P005,2,2026-01-07,UPI
O1005,C006,P006,1,2026-01-09,CARD
O1006,C007,P008,1,2026-01-10,UPI
O1007,C001,P011,2,2026-01-12,CARD
O1008,C009,P003,1,2026-01-15,UPI
O1009,C010,P014,1,2026-01-17,CARD
O1010,C002,P007,1,2026-01-20,UPI
O1011,C003,P010,3,2026-01-22,CASH
O1012,C005,P001,1,2026-01-25,CARD
O1013,C006,P013,2,2026-01-28,UPI
O1014,C007,P009,1,2026-02-02,CARD
O1015,C008,P005,2,2026-02-04,UPI
O1016,C009,P012,1,2026-02-06,CARD
O1017,C010,P002,3,2026-02-08,UPI
O1018,C011,P006,1,2026-02-10,CARD
O1019,C012,P008,2,2026-02-12,UPI
O1020,C001,P015,1,2026-02-15,CASH
O1021,C002,P001,1,2026-02-18,CARD
O1022,C003,P004,1,2026-02-20,UPI
O1023,C005,P005,,2026-02-22,CARD
O1024,C006,P006,-2,2026-02-25,UPI
O1025,C999,P003,1,2026-02-27,CARD
O1026,C007,P999,2,2026-03-01,UPI
O1027,C009,P009,1,invalid_date,CARD
O1028,C010,P014,1,2026-03-05,UPI
O1029,C001,P002,2,2026-03-07,upi
O1030,C002,P003,1,2026-03-10,CARD
O1031,C003,P008,1,2026-03-12,CASH
O1032,C005,P010,2,2026-03-15,UPI
O1033,C006,P011,1,2026-03-17,CARD
O1034,C007,P013,1,2026-03-20,UPI
O1035,C009,P001,1,2026-03-22,CARD
O1036,C010,P007,2,2026-03-25,UPI
O1037,C001,P005,1,2026-03-28,CASH
O1038,C002,P012,1,2026-04-02,CARD
O1039,C003,P009,1,2026-04-04,UPI
O1040,C005,P014,2,2026-04-07,CARD
O1041,C006,P003,1,2026-04-10,UPI
O1042,C007,P006,2,2026-04-12,CARD
O1043,C008,P002,1,2026-04-15,UPI
O1044,C009,P008,1,2026-04-18,CASH
O1045,C010,P015,2,2026-04-20,CARD
O1046,C001,P013,1,2026-04-22,UPI
O1047,C002,P005,3,2026-04-25,CARD
O1048,C003,P011,1,2026-04-28,UPI
O1049,C005,P001,1,2026-05-02,CARD
O1050,C006,P007,2,2026-05-05,UPI
O1051,C007,P012,1,2026-05-08,CARD
O1052,C009,P003,2,2026-05-10,UPI
O1053,C010,P014,1,2026-05-12,CARD
O1054,C001,P008,1,2026-05-15,CASH
O1055,C002,P009,1,2026-05-18,UPI
O1056,C003,P010,2,2026-05-20,CARD
O1057,C005,P013,1,2026-05-22,UPI
O1058,C006,P002,2,2026-05-25,CARD
O1059,C007,P015,1,2026-05-28,UPI
O1060,C009,P001,1,2026-06-02,CARD
O1061,C010,P006,1,2026-06-05,UPI
O1062,C001,P011,2,2026-06-08,CARD
O1063,C002,P005,1,2026-06-10,UPI
O1064,C003,P008,1,2026-06-12,CASH
O1065,C005,P014,1,2026-06-15,CARD
O1066,C006,P003,2,2026-06-18,UPI
O1067,C007,P007,1,2026-06-20,CARD
O1068,C009,P012,2,2026-06-22,UPI
O1069,C010,P013,1,2026-06-25,CARD
O1070,C001,P002,1,2026-06-28,UPI
O1005,C006,P006,1,2026-01-09,CARD
O1089,C005,P006,1,2026-01-13,CARD